date,topic
2026-09-22,"Pumpkin-Patch Season: Lifting Odd Objects With Small Supervisors"
2026-09-24,"Halloween While Pregnant: Costumes, Comfort and Candy Walks"
2026-09-29,"The Crawler's Halloween: Baby-Proofing the Decoration Season"
2026-10-01,"Night Feeds and Neck Cricks: The 3 A.M. Posture Problem"
2026-10-06,"Costume Mobility Check: Can Your Toddler Actually Move in That"
2026-10-08,"Pregnancy Brain and Body: The Coordination Conversation"
2026-10-13,"Rocking Chairs Through History: Why the Nursery Classic Endures"
2026-10-15,"Falling Leaves, Rising Bellies: Third-Trimester Autumn Walks"
2026-10-20,"Halloween Planning While Expecting: Trick-or-Treat Strategy for the Pregnant Parent"
2026-10-22,"The Family Table: High Chairs, Boosters and Joining the Feast"
2026-10-27,"Black Friday With a Baby Registry: Gear That Serves Bodies"
2026-10-29,"Winter Coat Over the Bump: Dressing the Pregnant Months Ahead"
2026-11-03,"Gratitude for Growing Bodies: What Kids' Physical Milestones Teach"
2026-11-05,"The Pregnant Traveler's Holiday Flight Guide"
2026-11-10,"Baby's First Winter Illness Season: The Comfort-Holding Marathon"
2026-11-12,"Postpartum Nutrition in Comfort-Food Season"
2026-11-17,"Decorating With a Due Date: Holiday Prep in Late Pregnancy"
2026-11-19,"Baby's First Holidays: Managing the Pass-the-Baby Gauntlet"
2026-11-24,"Gift Guide: Movement Toys That Grow With Your Child"
2026-11-26,"The Midnight Assembly: Building Toys Without Breaking Dad"
2026-12-01,"Winter Babywearing: The Warmest Way Through the Season"
2026-12-03,"New Year's Reflections for the Almost-Due"
2026-12-08,"Toddlers and Twinkle Lights: A Floor-Level Safety Tour"
2026-12-10,"The Year-End Body Letter: What Pregnancy and Parenting Built"
2026-12-15,"New Year, New Baby: Preparing Your Body for a Winter Pregnancy"
2026-12-17,"Babywearing in Bulky Coats: Winter Carrier Ergonomics"
2026-12-22,"The Third-Trimester Sleep Puzzle: Positions, Pillows and Reality"
2026-12-24,"Cabin Fever With Toddlers: Indoor Movement That Isn't Screens"
2026-12-29,"Pregnancy Heartburn, Rib Flare and the Space Question"
2026-12-31,"Car Seat Marathon Season: Long Winter Drives With Little Ones"
2027-01-05,"Postpartum in January: The Fourth Trimester Nobody Photographs"
2027-01-07,"Why Babies Hate Being Cold-Handled: Touch, Tone and Trust"
2027-01-12,"Planning a Spring Baby: Pre-Conception Movement Foundations"
2027-01-14,"The Pregnant Commuter: Surviving Transit, Traffic and Winter Sidewalks"
2027-01-19,"Tummy Time Resistance: When Babies Protest the Floor"
2027-01-21,"Winter Body Acceptance: Postpartum Identity in the Cold Months"
2027-01-26,"Round Ligament Twinges: The Second Trimester's Rude Surprise"
2027-01-28,"Sibling Lifting: Carrying the Toddler While Growing the Baby"
2027-02-02,"Baby's First Shoes: Why Barefoot Wins the Indoor Winter"
2027-02-04,"The Nursing Station Audit: Feeding Ergonomics Room by Room"
2027-02-09,"Twins and Multiples: The Double-Load Pregnancy Body"
2027-02-11,"Winter Walks With the Stroller: Handle Heights and Ice Strategy"
2027-02-16,"Pelvic Girdle Sensations in Pregnancy: A Map of the Territory"
2027-02-18,"Crawling Season: Why the Messy Middle of Mobility Matters"
2027-02-23,"Gestational Growth Spurts: When the Bump Suddenly Leads"
2027-02-25,"Playground Reopening: Spotting Skills for Parents of Climbers"
2027-03-02,"The Diaper-Bag Shoulder: Small Load, Long Hours"
2027-03-04,"Morning Sickness and Movement: What Helps, What's Myth"
2027-03-09,"Daylight Saving With Small Children: The Week of Tiny Jet Lag"
2027-03-11,"Gardening for Two: Spring Yard Work While Pregnant"
2027-03-16,"The Rolling Milestone: Why Babies Flip and Floors Beat Containers"
2027-03-18,"Prenatal Fitness Classes: Choosing Well in a Crowded Market"
2027-03-23,"Rainy-Day Baby Play: Movement-Rich Indoor Alternatives"
2027-03-25,"Diastasis Talk: The Abdominal Gap Without the Fear"
2027-03-30,"Easter Egg Hunts and the Squat Olympics"
2027-04-01,"Second Pregnancies: Why This One Feels Different Already"
2027-04-06,"Baby Swimming Lessons: What Water Time Builds"
2027-04-08,"The Birth Bag Body Kit: Comfort Tools Worth Packing"
2027-04-13,"Spring Awakening: Pregnancy Energy Shifts as Seasons Change"
2027-04-15,"Walking Debut Season: First Steps and Wobbly Physics"
2027-04-20,"Pregnant in the Warm Months: Swelling, Shoes and Strategy"
2027-04-22,"Picnic-Blanket Parenting: Ground-Sitting Skills for Grown-Ups"
2027-04-27,"Braxton Hicks and Body Literacy: Learning Your Uterus's Language"
2027-04-29,"Bike Seats and Trailers: Cycling With Babies Begins"
2027-05-04,"The High-Chair Hunch: Feeding Posture for the Feeder"
2027-05-06,"Springtime Allergies in Pregnancy: The Congested Months"
2027-05-11,"Memorial Day Weekend Prep: Pregnant at the Season's First Gatherings"
2027-05-13,"Beach Days With Babies: Sand, Shade and Carrying Everything"
2027-05-18,"Summer Pregnancy Hydration: Drinking for Two Isn't a Metaphor"
2027-05-20,"Water Babies at the Pool: Holding Positions That Spare Your Back"
2027-05-25,"The Solstice Sleep Fight: Bright Evenings Versus Small Bedtimes"
2027-05-27,"Travel-System Tetris: Loading Gear Without Wrecking Yourself"
2027-06-01,"Third Trimester in the Heat: Permission to Slow Down"
2027-06-03,"Barefoot Summer: The Best Season for Little Feet"
2027-06-08,"Road-Tripping Pregnant: Comfort Engineering for Long Drives"
2027-06-10,"Hotel Cribs and Travel Sleep: Keeping Routines Portable"
2027-06-15,"The Floor Is Lava: Why Kids' Games Are Secretly Perfect Training"
2027-06-17,"Swelling, Rings and Pregnancy Summer Hands"
2027-06-22,"Grandparent Summer: Preparing Older Backs for Younger Visitors"
2027-06-24,"Amusement Parks While Expecting: The Honest Ride Guide"
2027-06-29,"Sprinkler Science: Water Play as Vestibular Feast"
2027-07-01,"Nursing in Heat Waves: Comfort for the Feeding Pair"
2027-07-06,"The Summer Baby Boom: Late-Pregnancy Survival in Peak Heat"
2027-07-08,"Summer Camp Prep: Movement-Ready Bodies for Little Adventurers"
2027-07-13,"Car Seat Stage Changes: Bigger Kids, New Installation Battles"
2027-07-15,"Maternity Leave Mechanics: Setting Up the Recovery Nest"
2027-07-20,"Toddler Scooters and Balance Bikes: The Pre-Pedal Years"
2027-07-22,"The Belly-Button Countdown: Skin, Stretch and Late-Pregnancy Changes"
2027-07-27,"Daycare Drop-Off Ergonomics: The Twice-Daily Gauntlet"
2027-07-29,"Fourth-Trimester Planning for Autumn Babies"
2027-08-03,"School Mornings With a Bump: The Pregnant Parent's Rush Hour"
2027-08-05,"Late Summer Routines: Preparing Bodies for the School Year Ahead"
2027-08-10,"Postpartum Return to Exercise: The Checklist Before the Comeback"
2027-08-12,"Apple-Picking Pregnant: Orchard Outings and Reaching Overhead"
2027-08-17,"Youth Sports Sign-Up: Age-Appropriate Choices for Growing Spines"
2027-08-19,"The Nursery Build Weekend: Flat-Pack Furniture While Expecting"
2027-08-24,"Stroller-to-Walking Transitions: When Kids Outgrow the Ride"
2027-08-26,"Harvest Season Meal Prep: Batch Cooking Before Baby"
2027-08-31,"Labor Day Weekend With Little Ones: The Last Hurrah of Summer Play"
2027-09-02,"Back-to-School Season While Pregnant: Comfort in the Carpool Line"
2027-09-07,"The Crawler's Autumn: Baby-Proofing the Seasonal Transition"
2027-09-09,"Night Feeds and Neck Cricks: The 3 A.M. Posture Problem"
2027-09-14,"Fall Weather Dressing: Layers and Mobility for Active Toddlers"
2027-09-16,"Pregnancy Brain and Body: The Coordination Conversation"
2027-09-21,"Rocking Chairs Through History: Why the Nursery Classic Endures"
2027-09-23,"Falling Leaves, Rising Bellies: Third-Trimester Autumn Walks"
2027-09-28,"Autumn Harvest Activities While Expecting: Farm Visits and Body Wisdom"
2027-09-30,"The Family Table: High Chairs, Boosters and Joining the Feast"
2027-10-05,"Halloween While Pregnant: Costumes, Comfort and Candy Walks"
2027-10-07,"Winter Coat Over the Bump: Dressing the Pregnant Months Ahead"
2027-10-12,"Gratitude for Growing Bodies: What Kids' Physical Milestones Teach"
2027-10-14,"The Pregnant Traveler's Holiday Flight Guide"
2027-10-19,"Baby's First Winter Illness Season: The Comfort-Holding Marathon"
2027-10-21,"Postpartum Nutrition in Comfort-Food Season"
2027-10-26,"Decorating With a Due Date: Holiday Prep in Late Pregnancy"
2027-10-28,"Baby's First Holidays: Managing the Pass-the-Baby Gauntlet"
2027-11-02,"Gift Guide: Movement Toys That Grow With Your Child"
2027-11-04,"The Midnight Assembly: Building Toys Without Breaking Dad"
2027-11-09,"Winter Babywearing: The Warmest Way Through the Season"
2027-11-11,"Year-End Reflections for the Almost-Due"
2027-11-16,"Toddlers and Twinkle Lights: A Floor-Level Safety Tour"
2027-11-18,"The Year-End Body Letter: What Pregnancy and Parenting Built"
2027-11-23,"Thanksgiving Week With a Bump: Hosting, Helping and Knowing When to Sit"
2027-11-25,"Babywearing in Bulky Coats: Winter Carrier Ergonomics"
2027-11-30,"The Third-Trimester Sleep Puzzle: Positions, Pillows and Reality"
2027-12-02,"Cabin Fever With Toddlers: Indoor Movement That Isn't Screens"
2027-12-07,"Pregnancy Heartburn, Rib Flare and the Space Question"
2027-12-09,"Car Seat Marathon Season: Long Winter Drives With Little Ones"
2027-12-14,"Postpartum in January: The Fourth Trimester Nobody Photographs"
2027-12-16,"Why Babies Hate Being Cold-Handled: Touch, Tone and Trust"
2027-12-21,"Planning a Spring Baby: Pre-Conception Movement Foundations"
2027-12-23,"The Pregnant Commuter: Surviving Transit, Traffic and Winter Sidewalks"
2027-12-28,"Tummy Time Resistance: When Babies Protest the Floor"
2027-12-30,"Year-End Body Inventory: What Pregnancy and Parenting Have Taught"
2028-01-04,"Round Ligament Twinges: The Second Trimester's Rude Surprise"
2028-01-06,"Sibling Lifting: Carrying the Toddler While Growing the Baby"
2028-01-11,"Baby's First Shoes: Why Barefoot Wins the Indoor Winter"
2028-01-13,"The Nursing Station Audit: Feeding Ergonomics Room by Room"
2028-01-18,"Twins and Multiples: The Double-Load Pregnancy Body"
2028-01-20,"Spring Walks With the Stroller: Handle Heights and Hill Strategy"
2028-01-25,"Pelvic Girdle Sensations in Pregnancy: A Map of the Territory"
2028-01-27,"Crawling Season: Why the Messy Middle of Mobility Matters"
2028-02-01,"Gestational Growth Spurts: When the Bump Suddenly Leads"
2028-02-03,"Playground Reopening: Spotting Skills for Parents of Climbers"
2028-02-08,"The Diaper-Bag Shoulder: Small Load, Long Hours"
2028-02-10,"Morning Sickness and Movement: What Helps, What's Myth"
2028-02-15,"Daylight Saving With Small Children: The Week of Tiny Jet Lag"
2028-02-17,"Gardening for Two: Spring Yard Work While Pregnant"
2028-02-22,"The Rolling Milestone: Why Babies Flip and Floors Beat Containers"
2028-02-24,"Prenatal Fitness Classes: Choosing Well in a Crowded Market"
2028-02-29,"Rainy-Day Baby Play: Movement-Rich Indoor Alternatives"
2028-03-02,"Diastasis Talk: The Abdominal Gap Without the Fear"
2028-03-07,"Easter Egg Hunts and the Squat Olympics"
2028-03-09,"Second Pregnancies: Why This One Feels Different Already"
2028-03-14,"Baby Swimming Lessons: What Water Time Builds"
2028-03-16,"The Birth Bag Body Kit: Comfort Tools Worth Packing"
2028-03-21,"Spring Equinox Energy: Pregnancy Vitality as Days Lengthen"
2028-03-23,"Walking Debut Season: First Steps and Wobbly Physics"
2028-03-28,"Pregnant in the Warm Months: Swelling, Shoes and Strategy"
2028-03-30,"Picnic-Blanket Parenting: Ground-Sitting Skills for Grown-Ups"
2028-04-04,"Braxton Hicks and Body Literacy: Learning Your Uterus's Language"
2028-04-06,"Bike Seats and Trailers: Cycling With Babies Begins"
2028-04-11,"The High-Chair Hunch: Feeding Posture for the Feeder"
2028-04-13,"Springtime Allergies in Pregnancy: The Congested Months"
2028-04-18,"Dads' Backs and the Airplane Game"
2028-04-20,"Park Days With Babies: Sand, Shade and Carrying Everything"
2028-04-25,"Spring Pregnancy Hydration: Drinking for Two Isn't a Metaphor"
2028-04-27,"Water Babies at the Pool: Holding Positions That Spare Your Back"
2028-05-02,"The Solstice Sleep Fight: Bright Evenings Versus Small Bedtimes"
2028-05-04,"Travel-System Tetris: Loading Gear Without Wrecking Yourself"
2028-05-09,"Third Trimester in the Heat: Permission to Slow Down"
2028-05-11,"Barefoot Summer: The Best Season for Little Feet"
2028-05-16,"Road-Tripping Pregnant: Comfort Engineering for Long Drives"
2028-05-18,"Hotel Cribs and Travel Sleep: Keeping Routines Portable"
2028-05-23,"The Floor Is Lava: Why Kids' Games Are Secretly Perfect Training"
2028-05-25,"Swelling, Rings and Pregnancy Summer Hands"
2028-05-30,"Grandparent Summer: Preparing Older Backs for Younger Visitors"
2028-06-01,"Amusement Parks While Expecting: The Honest Ride Guide"
2028-06-06,"Sprinkler Science: Water Play as Vestibular Feast"
2028-06-08,"Nursing in Heat Waves: Comfort for the Feeding Pair"
2028-06-13,"The August Baby Boom: Late-Pregnancy Survival in Peak Heat"
2028-06-15,"Summer Playground Safety: Heat, Surfaces and Supervision"
2028-06-20,"Car Seat Stage Changes: Bigger Kids, New Installation Battles"
2028-06-22,"Maternity Leave Mechanics: Setting Up the Recovery Nest"
2028-06-27,"Toddler Scooters and Balance Bikes: The Pre-Pedal Years"
2028-06-29,"The Belly-Button Countdown: Skin, Stretch and Late-Pregnancy Changes"
2028-07-04,"Daycare Drop-Off Ergonomics: The Twice-Daily Gauntlet"
2028-07-06,"Fourth-Trimester Planning for Autumn Babies"
2028-07-11,"School Mornings With a Bump: The Pregnant Parent's Rush Hour"
2028-07-13,"The Growing Backpack Audit: What September Bags Reveal"
2028-07-18,"Postpartum Return to Exercise: The Checklist Before the Comeback"
2028-07-20,"Berry-Picking Pregnant: Orchard Outings and Reaching Overhead"
2028-07-25,"Youth Sports Sign-Up: Age-Appropriate Choices for Growing Spines"
2028-07-27,"The Nursery Build Weekend: Flat-Pack Furniture While Expecting"
2028-08-01,"Stroller-to-Walking Transitions: When Kids Outgrow the Ride"
2028-08-03,"Harvest Season Meal Prep: Batch Cooking Before Baby"