date,topic,bullet1,bullet2,bullet3,secondary_topic
2026-09-19,"Spring sleep hygiene: creating a restorative environment","Choosing the right pillow for neck support","The ideal bedroom temperature for quality sleep","Establishing a calming pre-bedtime routine","Addressing sleep difficulties in the elderly"
2026-09-21,"How spring allergies affect neck and shoulder tension","The connection between sinus pressure and upper cervical strain","Breathing exercises that reduce compensatory muscle tightness","Hydration strategies to thin mucus and ease postural stress","Ergonomic setup for home office workers"
2026-09-23,"Supporting your family's posture during spring sports registration","Age-appropriate warm-up routines for young athletes","Recognizing early signs of repetitive strain in children","Balancing multiple sports to avoid overuse patterns","Managing stress through spinal health"
2026-09-25,"Adjusting sleep positions as temperatures warm","Pillow height changes when switching to lighter bedding","Side sleeping without overheating your spine","Mattress firmness considerations for spring weather","Why regular spinal check-ups matter for seniors"
2026-09-26,"Spinal health for runners returning to outdoor training","Gait assessment basics every runner should know","Core strengthening exercises that protect your lower back","Recovery stretches to prevent compensatory imbalances","How screen time affects children's neck development"
2026-09-28,"Managing growing pains in children this spring","Normal growth spurts versus alignment concerns","Gentle stretches for kids experiencing leg discomfort","When to seek professional assessment for your child","Desk stretches for office workers"
2026-09-30,"Preparing your body for spring cleaning tasks","Ladder safety and spinal positioning when reaching overhead","Vacuum technique that protects your lumbar spine","Scheduling breaks to prevent cumulative strain","Understanding inflammation and joint health"
2026-10-02,"Supporting your child's posture during spring sports season","Recognising early signs of muscle imbalance in young athletes","Proper warm-up techniques before cricket and netball practice","Choosing the right sports bag to distribute weight evenly","How chiropractic care supports growing spines in adolescents"
2026-10-03,"Preparing your garden without straining your back","Bending and lifting techniques for tending spring garden beds","Tool modifications that reduce shoulder and wrist stress","Stretches to perform between gardening sessions","Why weekend warriors experience more injuries"
2026-10-05,"Managing seasonal allergies and their effect on neck tension","How sinus pressure contributes to cervical muscle tightness","Sleeping positions that support drainage and spinal alignment","Gentle neck mobilisation exercises for congestion relief","Understanding the connection between jaw clenching and headaches"
2026-10-07,"Spring cleaning your workspace for better ergonomics","Adjusting monitor height to reduce forward head posture","Decluttering your desk to encourage movement variety","Testing your chair settings after months of winter habits","Simple desk stretches for the whole family"
2026-10-09,"Supporting your spine during pregnancy in the warmer months","Safe sleeping positions as your belly grows this spring","Pelvic tilts and stretches suitable for second trimester","Choosing supportive footwear for spring walks","Postpartum recovery and spinal alignment"
2026-10-10,"Building core strength for spring hiking adventures","Exercises that stabilise your spine before hitting the trails","Proper backpack fitting to prevent shoulder strain","Recovery techniques after a long bush walk","Teaching children proper lifting mechanics early"
2026-10-12,"How spring daylight changes affect your sleep posture","Adjusting bedroom lighting as mornings get brighter earlier","Pillow positioning for optimal cervical spine support","Pre-sleep stretches to release daily tension accumulation","The role of magnesium in muscle relaxation"
2026-10-14,"Preventing injuries during spring home renovation projects","Ladder safety and spine positioning when painting ceilings","Lifting techniques for moving furniture and materials","Recognising when to ask for help with heavy tasks","Carpal tunnel symptoms from repetitive DIY tasks"
2026-10-16,"Maintaining spinal health as you return to outdoor exercise","Gradual progression tips after a sedentary winter","Cross-training activities that balance muscle development","Warning signs that you're doing too much too soon","Foam rolling techniques for active families"
2026-10-17,"Supporting elderly parents with balance and mobility this spring","Home safety modifications to prevent falls during spring cleaning","Gentle exercises that improve proprioception","When to consider mobility aids for outdoor activities","Age-related spinal changes explained"
2026-10-19,"Managing tech neck in children during the school year","Screen height adjustments for homework and devices","Setting timer reminders for posture breaks","Strengthening exercises for young necks and upper backs","Backpack weight limits and proper wearing technique"
2026-10-21,"Spinal considerations for spring marathon training","How running gait affects lower back alignment","Incorporating rest days to prevent overuse injuries","Shoe replacement schedules and their impact on joints","Nutrition timing for tissue repair and recovery"
2026-10-23,"Creating a morning routine that supports spinal health","Gentle movements to perform before getting out of bed","Hydration habits that benefit disc health","Time-efficient stretches while the kettle boils","How stress hormones affect muscle tension"
2026-10-24,"Addressing growing pains in children during spring growth spurts","Distinguishing between normal growth discomfort and alignment issues","Stretches that help lengthening muscles keep pace with bones","Ensuring adequate calcium and vitamin D intake","Scoliosis screening during developmental years"
2026-10-26,"Optimising your driving posture for spring road trips","Lumbar support adjustments for long-distance comfort","Steering wheel and seat distance for shoulder relaxation","Rest stop exercises to counteract prolonged sitting","Whiplash prevention and what to do after minor accidents"
2026-10-28,"Understanding how spring allergies trigger jaw and facial pain","The sinus-TMJ connection during high pollen counts","Self-massage techniques for jaw muscle relief","Dietary approaches to reduce inflammatory responses","Teeth grinding awareness and night guard considerations"
2026-10-30,"Strengthening your feet for barefoot spring activities","Progressive exercises to rebuild arch support naturally","Benefits and risks of walking barefoot on grass","Choosing minimal footwear for beach and park outings","How foot mechanics influence knee and hip alignment"
2026-10-31,"Stress management techniques that reduce physical tension","Breathing exercises that relax shoulder and neck muscles","Progressive muscle relaxation for better body awareness","Creating boundaries to protect your physical and mental health","The gut-brain-spine connection in family wellness"
2026-11-02,"Preparing your spine for spring gardening season","Proper lifting technique for soil bags and mulch","Core bracing exercises before extended weeding sessions","Tool handle length and its effect on lower back strain","Teaching children proper backpack wearing habits"
2026-11-04,"Managing allergies and sinus pressure through spinal alignment","How upper cervical adjustments affect sinus drainage","Postural positions that promote better breathing","Lymphatic flow and its connection to spinal health","Why hydration matters for spinal disc health"
2026-11-06,"Supporting your child's growth spurts with chiropractic care","Recognizing signs of growing pains versus alignment issues","How rapid bone growth affects posture and gait","Safe stretching routines for pre-teens and teenagers","Desk ergonomics for remote workers"
2026-11-07,"Spring cleaning without the back pain","Alternating high and low tasks to avoid repetitive strain","Using your legs when reaching overhead to wash windows","Micro-breaks to prevent muscle fatigue during big projects","Natural approaches to reducing inflammation"
2026-11-09,"Optimizing sleep posture as the weather warms","Adjusting pillow thickness for side versus back sleeping","Why lighter bedding can improve sleep position comfort","Pre-sleep stretches to release daytime tension","Understanding tension headaches and neck alignment"
2026-11-11,"Getting back into outdoor exercise after winter","Progressive training to avoid overuse injuries","Dynamic warm-up sequences for walking and jogging","Recognizing the difference between soreness and strain","How stress affects muscle tension patterns"
2026-11-13,"Posture strategies for spring sports parents on the sideline","Portable seating options that support the lower back","Standing posture shifts to prevent hip and knee stiffness","Shoulder exercises for camera and phone use during games","Benefits of regular spinal check-ups for families"
2026-11-14,"Workplace wellness as activity levels increase","Balancing desk work with outdoor lunch breaks","Computer monitor height and neck strain prevention","Standing desk transition tips for spring energy","Foot health and its impact on spine alignment"
2026-11-16,"Supporting healthy bone development in active children","Weight-bearing activities that strengthen growing bones","Nutrition timing around sports practice and games","Warning signs of repetitive motion stress in young athletes","Managing screen time neck strain in teenagers"
2026-11-18,"Adapting your exercise routine for spring weather changes","Transitioning from indoor to outdoor running surfaces safely","Adjusting warm-up length for variable spring temperatures","Cross-training to prevent overuse as activity increases","Breathing exercises for stress management"
2026-11-20,"Pregnancy and chiropractic care in the second trimester","Pelvic alignment techniques for growing belly support","Safe sleeping positions and pillow arrangements","Gentle exercises to maintain core stability","Nutrition for inflammation reduction"
2026-11-21,"Preventing sports injuries in junior athletes this season","Proper technique fundamentals before competition starts","Recovery time importance between training sessions","Early intervention when children report persistent pain","Understanding growing pains versus injury"
2026-11-23,"Maintaining spinal health during home renovation projects","Kneeling versus bending for low-level painting tasks","Two-person lifting rules for furniture and fixtures","Changing tasks every 30 minutes to avoid overuse","How dehydration affects joint and disc function"
2026-11-25,"Managing tech neck in school-aged children","Device height guidelines for homework and gaming","Setting screen time limits to prevent postural fatigue","Strengthening exercises for developing neck muscles","Creating an ergonomic study space at home"
2026-11-27,"Balance and fall prevention for older family members","Simple exercises to improve proprioception and stability","How spinal alignment affects balance confidence","Home safety modifications for spring cleaning activities","Joint mobility exercises for aging gracefully"
2026-11-28,"Cycling posture and bike fit for family rides","Handlebar height and its effect on neck position","Seat adjustment to prevent knee and hip strain","Core engagement techniques for longer rides","Choosing supportive footwear for active families"
2026-11-30,"Stress relief techniques as the year-end approaches","Progressive muscle relaxation for jaw and shoulder tension","Diaphragmatic breathing to activate rest response","Movement breaks to interrupt stress hormone cycles","Sleep hygiene basics for the whole family"
2026-12-02,"Staying aligned during summer road trips","Adjusting the car seat for optimal lumbar support","Taking active stretch breaks every two hours","Hydrating to keep spinal discs plump on the road","Why athletes need chiropractic care"
2026-12-04,"Choosing the right summer footwear for spine health","Why flip-flops cause altered gait mechanics","Arch support options for summer sandals","Exercises to strengthen foot muscles barefoot","Headache relief without medication"
2026-12-05,"Ergonomics of gardening and planting without back pain","Using kneeling pads and proper hinging","Rotating tasks to avoid repetitive strain","Post-gardening cooldown stretches for the lower back","Better sleep through spinal health"
2026-12-07,"Safe lifting techniques for heavy coolers and beach bags","Squatting vs bending when grabbing heavy items","Distributing weight evenly across both shoulders","Team-lifting strategies for oversized coolers","Teenagers and tech-neck prevention"
2026-12-09,"Protecting your spine during summer swim season","Proper diving form to avoid neck compression injuries","Balancing strokes to prevent shoulder imbalances","Core exercises that complement swimming workouts","Managing inflammation naturally after activity"
2026-12-11,"Supporting growing spines during school summer break","Screen time posture habits when kids are home all day","Backpack-free months and maintaining core strength","Growth spurts and temporary postural changes to watch","When to bring your child in for their first adjustment"
2026-12-12,"Sleeping well in hot December nights without neck strain","Pillow adjustments when you sleep without blankets","Fan placement and avoiding one-sided neck exposure","Hydration timing to reduce nighttime sleep disruption","The connection between sleep quality and pain perception"
2026-12-14,"Preventing cricket and backyard sport injuries this summer","Warming up properly in hot weather conditions","Rotational sport movements and lower back stress","Recovery strategies between weekend matches","How chiropractic care supports weekend warriors"
2026-12-16,"Standing and walking at outdoor summer events","Weight-shifting techniques for long periods on feet","Choosing supportive footwear for festivals and markets","Recognizing early signs of lower back fatigue","Postural fatigue versus structural problems"
2026-12-18,"Maintaining your adjustment schedule during holiday travel","Why regular care matters even when routines change","Finding relief options when away from your clinic","Self-care stretches to use between appointments","How your nervous system responds to routine changes"
2026-12-19,"Carrying toddlers safely at the beach and pool","Hip-carrying versus front-carrying for spinal load","Alternating sides to prevent muscle imbalances","Strengthening exercises for parents who carry often","Postpartum spine health for active mothers"
2026-12-21,"Cycling posture for summer bike rides with the family","Handlebar height and its effect on neck position","Seat adjustment to protect lower back alignment","Core engagement techniques while pedaling","Choosing age-appropriate bikes for children's development"
2026-12-23,"Outdoor dining posture at picnics and barbecues","Ground-sitting positions that minimize back strain","Using portable chairs with proper support","Standing and socializing without locking your knees","Digestion and spinal nerve function connections"
2026-12-25,"Managing stress and tension during busy summer schedules","How mental stress manifests as physical neck tightness","Breathing exercises that release shoulder tension","Creating margin in your calendar for nervous system recovery","The role of chiropractic care in stress adaptation"
2026-12-26,"Workplace desk setup in hot weather conditions","Monitor glare from summer sun and neck positioning","Staying mobile when air conditioning makes you stiff","Hydration reminders built into your work routine","Preventing repetitive strain in office workers"
2026-12-28,"Spinal health for grandparents playing with grandchildren","Getting up and down from the floor safely","Active play modifications that protect aging joints","Balancing activity with adequate rest and recovery","Maintaining mobility and independence as you age"
2026-12-30,"Preparing your body for summer home renovation projects","Overhead painting and ladder work without neck strain","Proper body mechanics for demolition tasks","Pacing physical work to avoid cumulative stress","When DIY injuries need professional assessment"
2027-01-01,"Post-swim stretches to keep muscles loose","Releasing neck tension after freestyle strokes","Opening the chest and shoulders dynamically","Gentle rotational movements for the mid-back","Headache relief without medication"
2027-01-02,"Managing heat fatigue and its impact on posture","How dehydration leads to muscle cramping","The tendency to slouch when energy is low","Cooling strategies to maintain core muscle engagement","Prenatal chiropractic benefits"
2027-01-04,"Hydration and spinal disc health in the summer sun","The anatomical makeup of intervertebral discs","Signs your body and spine are lacking water","Creative ways kids can drink more water outdoors","Infant colic and spinal alignment"
2027-01-06,"Staying safe and aligned during summer celebrations","Lifting heavy coolers safely","Avoiding neck strain from outdoor activities","Hydration during outdoor parties","Postpartum recovery for the spine"
2027-01-08,"Summer sports injury prevention for kids","The importance of dynamic warm-ups for youth","Spotting the early signs of overuse injuries","How chiropractic helps growing athletes recover","Prenatal chiropractic benefits"
2027-01-09,"The impact of air travel on your lower back","Navigating cramped airplane seating","Using a rolled jacket as a lumbar roll","In-seat mobility exercises during long flights","Injury recovery for weekend warriors"
2027-01-11,"Chiropractic tips for a comfortable camping trip","Choosing the right sleeping pad or air mattress","Setting up camp using ergonomic movements","Morning stretches to shake off tent stiffness","Teenagers and tech-neck prevention"
2027-01-13,"Keeping your core strong during summer vacation","Bodyweight exercises you can do anywhere","Why the core is the foundation of a healthy back","Engaging transverse abdominis while walking","Headache relief without medication"
2027-01-15,"Dealing with shoulder pain from tennis or golf","Swing mechanics that protect the rotator cuff","Ice vs heat for post-match shoulder soreness","Adjusting your grip to reduce elbow and shoulder strain","Postpartum recovery for the spine"
2027-01-16,"Proper sleep posture when traveling to new time zones","The role of the circadian rhythm in healing","Pillow heights for side vs back sleepers in hotels","Pre-bed routines to down-regulate the nervous system","Work-from-home ergonomics for parents"
2027-01-18,"Water aerobics benefits for joint mobility","The buoyancy effect on arthritic joints","Resistance training without joint impact","Specific pool movements for hip flexibility","Injury recovery for weekend warriors"
2027-01-20,"Preventing repetitive strain from summer DIY projects","Tool ergonomics for weekend warriors","Taking frequent breaks during painting or sanding","Wrist and forearm stretches for manual labor","Postpartum recovery for the spine"
2027-01-22,"Protecting your knees during outdoor hiking","The benefit of trekking poles for downhill sections","Proper footwear with ankle and arch support","Strengthening the VMO muscle for knee tracking","Prenatal chiropractic benefits"
2027-01-23,"The connection between summer allergies and headaches","How sinus pressure refers pain to the neck","Lymphatic drainage techniques for the face and neck","Adjustments to relieve upper cervical tension","Postpartum recovery for the spine"
2027-01-25,"Supporting your child's developing spine at summer camp","Checking backpack weight for day trips","The importance of varied physical activities","Encouraging rest periods for young campers","Enhancing focus in school-aged children"
2027-01-27,"Bicycle fit: Ensuring your summer rides are pain-free","Saddle height and knee extension angles","Handlebar reach to prevent upper back rounding","Core engagement during long bike rides","Why athletes need chiropractic care"
2027-01-29,"Managing sciatica flares during hot humid days","Identifying triggers for sciatic nerve irritation","Gentle nerve flossing techniques at home","Inflammation management through diet and hydration","Prenatal chiropractic benefits"
2027-01-30,"Stretching routines for long summer flights","Ankle pumps to prevent deep vein thrombosis","Seated spinal twists for mobility","Neck retractions to counteract airplane seats","Infant colic and spinal alignment"
2027-02-01,"Safe baby-wearing techniques for summer outings","Choosing a carrier that distributes weight to hips","Monitoring baby's hip dysplasia risk","Maintaining upright posture while carrying front or back","Enhancing focus in school-aged children"
2027-02-03,"How barefoot walking affects your pelvic tilt","The sensory feedback from feet to the brain","Transitioning slowly to barefoot or minimalist shoes","Assessing heel strike vs midfoot strike","Managing arthritis pain naturally"
2027-02-05,"Choosing a supportive mattress for a summer cabin","Signs your vacation bed is causing your back pain","Temporary fixes for an overly soft mattress","The importance of spinal alignment during sleep","Managing arthritis pain naturally"
2027-02-06,"Preventing neck pain from over-enthusiastic swimming","Breathing bilaterally to balance neck rotation","Using a snorkel to keep the neck neutral","Dryland exercises to support swim posture","Boosting energy levels naturally"
2027-02-08,"Warm-up exercises for adult softball leagues","Dynamic lunges and torso twists","Shoulder mobility for throwing and batting","The critical cooldown phase often skipped by adults","Postpartum recovery for the spine"
2027-02-10,"The importance of rest days in active summer schedules","How muscles repair and grow during rest","Active recovery vs complete sedentary rest","Listening to your body's pain signals","Boosting energy levels naturally"
2027-02-12,"Dealing with mid-back pain from paddleboarding","Proper paddling mechanics using the core","Avoiding excessive lumbar hyperextension","Stretches to open the thoracic spine after boarding","Postpartum recovery for the spine"
2027-02-13,"Tips for maintaining chiropractic care during vacation","Self-massage tools to pack in your suitcase","Telehealth check-ins with your healthcare team","Finding an emergency chiropractor while away","Infant colic and spinal alignment"
2027-02-15,"Handling acute back spasms away from home","The immediate protocol for a muscle spasm","Positioning techniques to unload the spine","When to seek urgent medical attention","Enhancing focus in school-aged children"
2027-02-17,"Proper form for lifting toddlers at the playground","Squatting to their level before lifting","Avoiding twisting while holding a child","Strengthening the glutes for easier lifting","The link between digestion and the spine"
2027-02-19,"Avoiding text neck during lazy summer afternoons","The 60-pound head concept of forward head posture","Setting screen time limits for the family","Chin tuck exercises to counteract phone use","Injury recovery for weekend warriors"
2027-02-20,"Why your jaw might hurt after a summer BBQ","TMJ mechanics when chewing tough meats","Relaxation techniques for the masseter muscle","How neck alignment influences jaw tracking","Work-from-home ergonomics for parents"
2027-02-22,"Supporting elderly family members on summer walks","Pacing strategies for seniors in the heat","The benefits of walking aids and proper shoes","Gentle joint mobility for older adults","The link between digestion and the spine"
2027-02-24,"Maintaining flexibility during summer heatwaves","Gentle indoor stretching routines","How heat affects muscle elasticity","Hydration for tendon health","Boosting energy levels naturally"
2027-02-26,"Ergonomics of pushing a stroller on summer walks","Handle height adjustments","Engaging the core while walking","Choosing the right footwear for parents","Better sleep through spinal health"
2027-02-27,"Preventing arch pain during beach volleyball","Strengthening the plantar fascia","The impact of sand on foot mechanics","Recovery techniques after a game","Work-from-home ergonomics for parents"
2027-03-01,"Healthy posture while lounging at the pool","Supporting the lower back on pool chairs","Taking walking breaks every hour","Neck stretches for sunbathers","Work-from-home ergonomics for parents"
2027-03-03,"Avoiding whiplash from summer amusement park rides","Bracing the neck on roller coasters","Recognizing post-ride soreness","When to skip aggressive rides","Injury recovery for weekend warriors"
2027-03-05,"Backpack safety: Weighing and fitting for the new school year","The 10-15% body weight rule for packs","Using both shoulder straps and the waist belt","Packing heaviest items closest to the back","Prenatal chiropractic benefits"
2027-03-06,"Desk ergonomics for kids starting homework routines","Chair height and feet flat on the floor","Monitor position to avoid looking down","The 20-20-20 rule for eye and neck breaks","Postpartum recovery for the spine"
2027-03-08,"Proper posture for late summer yard work","Switching sides frequently to avoid asymmetry","Using the legs to shift weight rather than twisting","Choosing ergonomic tools with bent handles","Teenagers and tech-neck prevention"
2027-03-10,"Supporting the immune system as weather cools","The nervous system's role in immune function","Vitamin D and bone/immune health","Spinal adjustments and lymphatic flow","Boosting energy levels naturally"
2027-03-12,"Late summer recovery: Resting your spine","Post-party cleanup ergonomics","Active recovery walks","Transitioning back to work safely","The link between digestion and the spine"
2027-03-13,"Preventing injuries in late summer youth sports","Pre-season conditioning and flexibility","Proper techniques for contact sports","Recognizing concussion symptoms early","Better sleep through spinal health"
2027-03-15,"Transitioning to closed shoes: Foot mechanics as weather cools","Breaking in new boots without blisters","How tight toe boxes alter foot biomechanics","Toe splay exercises for foot health","Managing arthritis pain naturally"
2027-03-17,"Text-neck prevention for teens back in school","Ergonomic setups for school-issued laptops","Daily stretching to combat the student slouch","Encouraging sports and movement after school","Enhancing focus in school-aged children"
2027-03-19,"Managing back pain during harvest festival walking","Wearing supportive shoes to corn mazes","Taking breaks on benches when needed","Stretches after a long day on your feet","Senior mobility: Gentle adjustments"
2027-03-20,"Stretching before early morning late summer jogs","The importance of proper warm-ups for injury prevention","Dynamic leg swings for hip mobility","Staying flexible as temperatures begin to drop","Why athletes need chiropractic care"
2027-03-22,"The impact of dropping temperatures on joint stiffness","Why barometric pressure changes cause aches","Heat therapy vs cold therapy in autumn","Staying active indoors when it rains","Infant colic and spinal alignment"
2027-03-24,"Ergonomics for teachers returning to the classroom","Anti-fatigue mats for prolonged standing","Bending properly to help students at desks","Managing teacher stress and tension headaches","Work-from-home ergonomics for parents"
2027-03-26,"Maintaining spinal health during mid-term exam stress","The physical manifestation of academic stress","Breathwork to release trap and neck tension","Short yoga flows for study breaks","Prenatal chiropractic benefits"
2027-03-27,"Preparing your body for the shift in daylight savings","Adjusting sleep schedules gradually","Morning sunlight exposure for circadian health","How fatigue affects posture and injury risk","Enhancing focus in school-aged children"
2027-03-29,"Choosing the right supportive footwear for cooler weather","Ankle support for uneven terrain","Tread types for wet leaves and slick sidewalks","Why a slight heel drop matters for the Achilles","Injury recovery for weekend warriors"
2027-03-31,"Post-game recovery tips for student athletes","Foam rolling techniques for tight IT bands","Epsom salt baths for muscle relaxation","The role of hydration in injury recovery","Headache relief without medication"
2027-04-02,"How stress from the new school year affects the neck","The connection between anxiety and upper cross syndrome","Progressive muscle relaxation techniques","Chiropractic approaches to tension relief","Supporting bone density in menopause"
2027-04-03,"Preventing lower back pain from long school commutes","Adjusting the car or bus seat posture","Lumbar support for teen drivers","Shoulder rolls while waiting in traffic","Infant colic and spinal alignment"
2027-04-05,"Chiropractic care for growing pains in children","Differentiating growing pains from injury","Gentle massage and stretching protocols","Nutrition factors in childhood growth spurts","Senior mobility: Gentle adjustments"
2027-04-07,"Staying active as outdoor hours decrease","Indoor family workout challenges","Utilizing community centers and pools","The importance of movement for spinal disc nutrition","Better sleep through spinal health"
2027-04-09,"Proper form for lifting heavy autumn produce","Treating heavy vegetables like kettlebells","The hip hinge technique for heavy lifting","Avoiding the 'lift and twist' mechanism of injury","Work-from-home ergonomics for parents"
2027-04-10,"Preventing injuries during autumn outdoor activities","Safe movement patterns on uneven terrain","Navigating dark pathways safely","Maintaining balance during family outings","Boosting energy levels naturally"
2027-04-12,"Nutrition and joint health in the autumn months","Anti-inflammatory fall foods like squash and apples","Omega-3s for joint lubrication","Hydration when you don't feel thirsty","The link between digestion and the spine"
2027-04-14,"The role of sleep in autumn recovery","Why deep sleep is crucial for tissue repair","Creating a tech-free bedroom environment","Choosing the right pillow for growing kids","Postpartum recovery for the spine"
2027-04-16,"Managing seasonal affective disorder with physical activity","The endorphin boost from exercise","Outdoor walks to maximize daylight","Mind-body connection in chiropractic care","Prenatal chiropractic benefits"
2027-04-17,"Keeping seniors safe from slips on wet autumn leaves","Balance and proprioception exercises","Using canes or walkers on slippery surfaces","Fall-proofing the exterior of the home","Senior mobility: Gentle adjustments"
2027-04-19,"Hydration importance even when it's not hot outside","Indoor heating and body dehydration","Warm herbal teas as a hydration source","Tracking water intake in colder months","Infant colic and spinal alignment"
2027-04-21,"Dealing with desk-worker slouch in the fall","Setting up a standing desk transition","The Brugger relief position for desk workers","Strengthening the rhomboids and lower traps","Headache relief without medication"
2027-04-23,"Stretching routines for marching band members","Carrying heavy instruments safely","Footwear considerations for marching","Core stability for brass and woodwind players","Teenagers and tech-neck prevention"
2027-04-24,"Addressing pelvic pain during fall pregnancies","The relaxin hormone and joint instability","Webster technique basics","Safe sleeping positions for pregnant mothers","Prenatal chiropractic benefits"
2027-04-26,"How colder mornings impact muscle elasticity","Why cold muscles are prone to tearing","The benefit of a hot shower before morning exercise","Active versus passive stretching","Why athletes need chiropractic care"
2027-04-28,"Protecting the spine during indoor gym activities","Proper form for deadlifts and squats","Spotting techniques to prevent gym accidents","Ramping up weights safely after summer breaks","Injury recovery for weekend warriors"
2027-04-30,"Chiropractic benefits for high school cross-country runners","Gait analysis and foot biomechanics","Preventing shin splints and runner's knee","The importance of pelvic alignment in running","Better sleep through spinal health"
2027-05-01,"Reducing tension headaches as academic pressures rise","Identifying suboccipital trigger points","Ergonomic lighting to reduce eye strain","Hydration and snack breaks during study sessions","Headache relief without medication"
2027-05-03,"Ergonomic tips for college students in dorm beds","The dangers of studying in bed","Lap desks and lumbar pillows","Making a cheap dorm mattress more supportive","Supporting bone density in menopause"
2027-05-05,"Managing posture during autumn outdoor activities","Wearing comfortable walking shoes","Carrying tired toddlers correctly","Stretching after a long neighborhood walk","Infant colic and spinal alignment"
2027-05-07,"Family weekend activities that promote spinal health","Apple picking reaching and bending mechanics","Family bike rides on autumn trails","Geocaching for low-impact walking","Work-from-home ergonomics for parents"
2027-05-08,"Preparing the spine for the shift to remote fall work","Adjusting home office chairs","Scheduling regular screen breaks","Importance of lumbar support","Senior mobility: Gentle adjustments"
2027-05-10,"Managing posture during fall photography sessions","Holding cameras without neck strain","Squatting vs bending to get the shot","Carrying heavy camera gear","Enhancing focus in school-aged children"
2027-05-12,"Preventing repetitive strain during fall yard cleanup","Using ergonomic garden shears","Taking breaks every 30 minutes","Stretching the forearms and wrists","Injury recovery for weekend warriors"
2027-05-14,"The benefits of fall yoga for joint mobility","Sun salutations for morning stiffness","Twists to improve spinal rotation","Grounding poses for stress relief","Better sleep through spinal health"
2027-05-15,"Ergonomics for reading fall book releases","Supporting the arms while holding books","Lighting to prevent neck craning","Choosing a supportive reading chair","Managing arthritis pain naturally"
2027-05-17,"Preparing your back for autumn yard cleanup","Choosing ergonomic bent-handle tools","Pushing debris instead of lifting it","Warming up before tackling outdoor tasks","The link between digestion and the spine"
2027-05-19,"Managing holiday travel stress and tension","Deep breathing exercises in transit","Portable massage tools for long drives","Strategic stretching during rest stop breaks","Postpartum recovery for the spine"
2027-05-21,"Ergonomics of holiday cooking and baking","Anti-fatigue mats for the kitchen","Keeping ingredients at waist height","Stretching the wrists and forearms after kneading","Why athletes need chiropractic care"
2027-05-22,"Safe lifting techniques for heavy holiday packages","Bending at the knees when grabbing boxes","Holding packages close to your center of gravity","Using a dolly or cart for multiple items","Supporting bone density in menopause"
2027-05-24,"Preventing slips and falls on winter ice","The penguin walk technique on icy patches","Ice cleats and proper winter tread","Strengthening ankles for better balance","Prenatal chiropractic benefits"
2027-05-26,"Staying warm to prevent muscle guarding and spasms","Layering clothing effectively","Using heated seats and warm packs wisely","How shivering leads to neck and shoulder tension","Senior mobility: Gentle adjustments"
2027-05-28,"The impact of heavy winter coats on shoulder posture","Finding lightweight warm insulation","Ensuring coats allow full arm mobility","Counteracting the huddled winter posture","Work-from-home ergonomics for parents"
2027-05-29,"Managing posture during extended cooking sessions","Kitchen counter height and standing posture","Anti-fatigue kitchen setups","Taking breaks during meal preparation","Infant colic and spinal alignment"
2027-05-31,"Winter sports: Injury prevention for skiing and snowboarding","Pre-season leg and core strengthening","The importance of proper boot fitting","Learning how to fall safely on the slopes","Boosting energy levels naturally"
2027-06-02,"Maintaining a stretching routine during the holidays","Five-minute morning mobility flows","Involving the whole family in stretching","Using resistance bands at home","Teenagers and tech-neck prevention"
2027-06-04,"Addressing lower back pain from standing at holiday parties","Shifting weight gracefully while standing","Finding supportive seating when needed","Wearing dress shoes with hidden arch support","Better sleep through spinal health"
2027-06-05,"Setting ergonomic health goals for midyear","Auditing your home office setup","Committing to daily movement snacks","Scheduling regular chiropractic maintenance","Headache relief without medication"
2027-06-07,"Managing stress-related jaw clenching in December","Recognizing bruxism and teeth grinding","Massage techniques for the TMJ","Stress reduction strategies for the holidays","Postpartum recovery for the spine"
2027-06-09,"Chiropractic care for winter cold weather stiffness","How adjustments improve joint mobility","The role of synovial fluid in cold weather","Combining chiropractic with heat therapy","Supporting bone density in menopause"
2027-06-11,"Proper posture while wrapping holiday gifts","Moving from the floor to a dining table","Taking standing breaks while wrapping","Using tape dispensers to save wrist strain","Prenatal chiropractic benefits"
2027-06-12,"Supporting immune function through the winter months","The gut-brain-immune connection","Prioritizing sleep during busy seasons","Dietary adjustments for winter wellness","Managing arthritis pain naturally"
2027-06-14,"Choosing supportive footwear for winter conditions","Balancing warmth with arch support","Why flat winter boots cause back pain","Custom orthotics for winter footwear","Injury recovery for weekend warriors"
2027-06-16,"Post-travel spinal reset after visiting relatives","Decompressing the spine after sleeping on couches","Hydrating to flush travel inflammation","Booking a post-trip chiropractic adjustment","Enhancing focus in school-aged children"
2027-06-18,"Avoiding neck pain from looking at holiday lights","Taking breaks from looking upward","Walking instead of driving to view lights","Gentle neck circles to restore mobility","Boosting energy levels naturally"
2027-06-19,"Indoor exercises to keep joints mobile in winter","Living room yoga and pilates","Using stairs for cardiovascular health","Bodyweight squats and lunges at home","The link between digestion and the spine"
2027-06-21,"How to properly carry a holiday tree","Team lifting large trees safely","Securing the tree to the car without strain","Using proper mechanics when setting up the stand","Work-from-home ergonomics for parents"
2027-06-23,"The effect of holiday sugar on joint inflammation","Understanding inflammatory food triggers","Balancing treats with anti-inflammatory foods","Drinking extra water to process holiday meals","Why athletes need chiropractic care"
2027-06-25,"Staying hydrated in dry heated indoor environments","Using a humidifier for respiratory health","Electrolyte balance in the winter","Tracking water consumption at a desk","Headache relief without medication"
2027-06-26,"Preventing repetitive strain during winter crafts and activities","Taking breaks every 10-15 minutes","Using ergonomic grips for hand tasks","Stretching the thumbs and fingers","Teenagers and tech-neck prevention"
2027-06-28,"A midwinter message: Family health and joy","Taking time to rest","Enjoying family walks","Gratitude and wellness","Infant colic and spinal alignment"
2027-06-30,"Safe sleep habits when staying in guest beds","Bringing your own ergonomic pillow","Placing pillows under knees to support the back","Communicating needs to your hosts","Senior mobility: Gentle adjustments"
2027-07-02,"Managing sciatica during long winter car rides","Using seat heaters to relax tight glutes","Stopping every hour to walk","Tennis ball massage for the piriformis muscle","Postpartum recovery for the spine"
2027-07-03,"Chiropractic support for postpartum mothers in winter","Gentle recovery for the pelvic floor","Nursing ergonomics on cold nights","Carrying baby safely in bulky winter gear","Better sleep through spinal health"
2027-07-05,"Preventing winter sports injuries in children and teens","Warming up properly before soccer and netball in cold weather","Recognising early signs of overuse in young athletes","Recovery routines between weekend games","Supporting growing spines during adolescent growth spurts"
2027-07-07,"Managing desk posture when working from home in winter","Setting up your workspace away from drafty windows","The 20-20-20 rule for screen breaks","Chair height adjustments for proper spinal alignment","Wrist and hand care for computer users"
2027-07-09,"Supporting elderly parents with winter mobility concerns","Helping with balance exercises indoors","Choosing supportive footwear for wet surfaces","Morning stiffness relief through gentle movement","Fall prevention strategies for aging family members"
2027-07-10,"Backpack safety for the mid-year school term","Proper weight distribution for growing spines","Adjusting straps for both shoulders equally","Signs your child's bag is too heavy","Encouraging active play during indoor recess days"
2027-07-12,"Sleeping position adjustments for cold winter nights","Pillow height changes when using extra blankets","Knee support for side sleepers in heavy bedding","Maintaining neutral spine with electric blankets","Bedroom temperature and its effect on muscle tension"
2027-07-14,"Neck strain from winter driving in school holiday traffic","Adjusting headrests for long road trips","Shoulder checks without twisting awkwardly","Rest stop stretches for the whole family","Car seat ergonomics for daily commutes"
2027-07-16,"Supporting immunity through spinal health this flu season","How nervous system function relates to wellness","Movement practices that support lymphatic drainage","Stress reduction for better immune response","Hydration habits during winter months"
2027-07-17,"Pregnancy comfort in the second trimester during winter","Side sleeping with proper pillow support","Staying active indoors as your centre of gravity shifts","Lower back care when wearing winter boots","Pelvic floor awareness exercises for expectant mothers"
2027-07-19,"Managing tension headaches during busy work periods","Jaw clenching awareness and relief techniques","Upper cervical tension and its connection to headaches","Screen brightness adjustments for darker winter days","Hydration and its role in headache prevention"
2027-07-21,"Posture habits for parents carrying toddlers in winter layers","Hip carrying technique with bulky clothing","Lifting from car seats safely","Distributing weight when holding children for extended periods","Core strengthening exercises for busy parents"
2027-07-23,"Maintaining exercise routines when outdoor activity is limited","Indoor walking and its benefits for spinal health","Bodyweight exercises in small spaces","Staying motivated when it's cold and dark","Stretching routines for morning stiffness"
2027-07-24,"Jaw and TMJ discomfort from cold weather tension","Recognising grinding and clenching patterns","Gentle self-massage techniques for jaw muscles","The connection between neck posture and jaw pain","Stress management for whole-body tension relief"
2027-07-26,"Foot and ankle support for winter walking surfaces","Choosing shoes with proper arch support for wet conditions","How foot mechanics affect knee and hip alignment","Ankle strengthening exercises for stability","Calf tightness and its impact on posture"
2027-07-28,"Supporting teenagers through exam stress and study posture","Setting up study spaces for better spinal alignment","Movement breaks to improve concentration","Recognising stress-related muscle tension in young people","Sleep hygiene for adolescents during busy school periods"
2027-07-30,"Lower back care for gardeners during winter pruning season","Bending and lifting techniques for heavy pots","Kneeling pad use and position changes","Reaching overhead safely when pruning","Hand and wrist health for repetitive gardening tasks"
2027-07-31,"Rib and mid-back discomfort from persistent winter coughs","Understanding strain on intercostal muscles","Breathing exercises for rib mobility","Sleeping positions that ease rib soreness","Supporting respiratory health through good posture"
2027-08-02,"Preventing lower back strain during winter gardening and yard work","Proper lifting technique for moving heavy pots and mulch bags","Warming up muscles before pruning and weeding in cold air","Tool handle modifications to reduce repetitive strain","How cold weather affects joint mobility"
2027-08-04,"Supporting your child's spine during the school term","Backpack weight limits and proper wearing height","Desk and chair setup for homework sessions","Movement breaks to counteract classroom sitting","Growing pains versus alignment issues in children"
2027-08-06,"Maintaining flexibility when it's too cold to exercise outdoors","Indoor stretching routines for spine mobility","Using doorways and walls for effective stretches","Breathing techniques to enhance flexibility work","Why consistent care matters more than crisis visits"
2027-08-07,"Sleep position strategies for winter neck and shoulder pain","Pillow height adjustments for side and back sleepers","Keeping shoulders neutral under heavy blankets","Pre-bed stretches to release upper body tension","Understanding the connection between posture and breathing"
2027-08-09,"Ergonomic setup for working from home in winter months","Monitor height and distance for reducing neck strain","Chair adjustments to support natural lumbar curve","Keyboard and mouse positioning for shoulder alignment","Tech neck: recognizing forward head posture early"
2027-08-11,"Spinal health for expectant mothers during colder months","Safe stretches for pregnancy-related lower back discomfort","Supportive sleeping positions as baby grows","Maintaining pelvic alignment throughout trimesters","Postpartum recovery and core reconnection"
2027-08-13,"Protecting your spine during indoor winter sports and activities","Warming up properly for netball and basketball","Core strengthening for indoor soccer and futsal","Recovery techniques after high-impact court sports","Sports injuries in children: when to seek assessment"
2027-08-14,"Managing stress-related muscle tension in your neck and jaw","Recognizing the physical signs of chronic stress","Self-massage techniques for jaw and temple muscles","Postural habits that reduce tension headaches","The vagus nerve and whole-body wellness"
2027-08-16,"Spinal care for older adults: staying active and independent","Balance exercises to prevent falls and injuries","Gentle mobility work for maintaining range of motion","Adapting daily activities to protect aging joints","Osteoporosis and bone health: what you need to know"
2027-08-18,"Desk worker's guide to preventing mid-back pain","The 20-20-20 rule for posture resets during work","Shoulder blade exercises you can do at your desk","Recognizing when slouching becomes structural","Carpal tunnel syndrome and its connection to neck alignment"
2027-08-20,"Supporting your immune system through spinal health this winter","How nervous system function relates to immunity","Stress reduction through proper spinal alignment","Sleep quality's role in fighting winter illness","Nutrition essentials for bone and joint health"
2027-08-21,"Lifting and carrying techniques for parents of young children","Hip hinge mechanics for picking up toddlers safely","Carrying positions that distribute weight evenly","Strengthening exercises for parenting demands","Infant development: tummy time and motor milestones"
2027-08-23,"Combating winter stiffness with morning mobility routines","Five-minute spinal wake-up sequence before getting up","Gentle twists and stretches for cold morning joints","Hydration timing to support tissue flexibility","Arthritis versus mechanical joint pain: key differences"
2027-08-25,"Screen time and postural development in school-age children","Age-appropriate screen time limits for spinal health","Device positioning to encourage neutral neck posture","Active play requirements for growing spines","Scoliosis screening: what parents should watch for"
2027-08-27,"Foot and ankle alignment: the foundation of spinal posture","How flat feet and high arches affect your spine","Choosing winter footwear with proper support","Ankle mobility exercises for better balance","Plantar fasciitis and lower back pain connections"
2027-08-28,"Breathing mechanics and their impact on spinal alignment","Diaphragmatic breathing for core stability","Chest breathing patterns that strain neck muscles","Posture positions that optimize lung capacity","Rib pain and thoracic spine dysfunction"
2027-08-30,"Creating a spine-friendly evening routine for better sleep","Screen curfew timing and neck tension reduction","Gentle stretches to release the day's accumulated strain","Bedroom temperature and muscle relaxation","Mattress lifespan and when to replace for spinal support"
2027-09-01,"Posture tips for spring outdoor markets and festivals","Carrying shopping bags without creating shoulder imbalance","Standing for long periods without lower back fatigue","Footwear choices for uneven grass and pavement surfaces","Pregnancy and chiropractic care basics"
2027-09-03,"Supporting teenage spines during exam season","Study posture essentials for long revision sessions","Movement breaks that improve focus and reduce strain","Sleep hygiene for stressed students","How dehydration affects spinal disc health"
2027-09-04,"Cycling posture for families enjoying spring weather","Bike seat height and handlebar adjustments for all ages","Core engagement while pedaling to protect your back","Post-ride stretches for the whole family","Arthritis management through gentle movement"
2027-09-06,"Managing neck strain from increased outdoor activities","Head position awareness during hiking and walking","Carrying daypacks without shoulder and neck tension","Simple neck mobilization exercises for the trail","Benefits of chiropractic care for active seniors"
2027-09-08,"Spinal considerations for expectant mothers in spring","Safe gardening modifications during each trimester","Sleeping positions as your body changes with the season","Gentle exercises for pregnancy-related back discomfort","Foot health and its impact on spinal alignment"
2027-09-10,"Preventing sports injuries in young soccer players","Proper heading technique and neck muscle development","Recognizing fatigue patterns that increase injury risk","Balanced training schedules for growing bodies","Computer ergonomics for gaming teens"
2027-09-11,"Workplace wellness as activity levels increase","Transitioning from sedentary winter to active spring safely","Micro-movement strategies throughout the workday","Assessing your workspace after months indoors","Understanding tension headaches and jaw alignment"
2027-09-13,"Helping elderly parents maintain balance and mobility","Fall prevention exercises for improving stability","Home modifications that support safe movement","When to consider professional mobility assessment","Youth sports specialization and overuse concerns"
2027-09-15,"Managing tech neck in the smartphone generation","Screen height positioning for all family members","The 20-20-20 rule adapted for neck health","Strengthening exercises for the cervical spine","Nutrition basics for bone and joint health"
2027-09-17,"Playground safety and childhood spinal development","Age-appropriate equipment for growing spines","Teaching safe landing techniques to prevent injury","Recognizing when bumps need professional attention","Stress reduction through breathwork and posture"